??????????????¨“?,????
??????????????¨“?,??2????
???????¨“?,????
???????¨“?,??2????
?????¨“?,????
???????¨“?,????
??????????¨“?,????
??????????¨“?,????
??????????????¨“?,????
???????????¨“?,????
?????????????¨“?,????
?????????¨“?,????
?•Î???¨“?,????
??????¨“?,????
??????????¨“?,????
??????????¨“?,????
???????¨“?,????
???????¨“?,??2????
??????¨“?,????
??????¨“?,????
??????????¨“?,????
?????¨“?,????
?????¨“?,????
??????????¨“?,????
?????????¨“?,????
????????????¨“?,????
?????????????¨“?,????
?????¨“?????¨“?,????
??????¨“?????¨“?,????
????????¨“?,????
?????????¨“?,????
????©™????¨“?,????
???Ê‡???¨“?,????
???Ê‡???¨“?,??2????
???Ê‡???¨“?,??3????
?????????¨’??¨“?,????
???????¨“?,????
??????¨“?,????
??????¨“?(?????),?¨“?
?????¨“?,????
?????¨“?,??2????
?????¨“?,????
?????¨“?,??2????
?????¨“?,????
?¯™???¨“?,????
?ìû??????¨“?,????
?????¨“?,????
??????¨“?,????
??????¨“?,????
???????¨“?,????
??????¨“?,????
??????¨“?,????
???????¨“?,????
???????¨“?(????),?¨“?
??????¨“?,????
???Ê‡???????¨“?,????
??????¨“?,????
??????¨“?,????
??????Ê‡???¨“?,????
?????????¨“?,????
???•‰??¨“?,????
???????¨“?,????
??????¨“?,????
???????¨“?,????
??????¨“?,????
?ìû???¨“?,????
?ìû???????¨“?,????
?ìû???Ê‡???¨“?,????
??????¨“?,????
?????¨“?,????
???????Ê‡???¨“?,????
???????¨“?,????
???????¨“?,????
????????¨“?,????
??????????¨“?,????
???????¨“?,????
???????¨“?(WISE),?¨“?
??????????¨“?,????
???????¨“?,????
??????¨“?,????
??????¨“?,????
??????¨“?,????
??????¨“?,????
??????¨“?,????
???????¨“?,????
???????¨“?,??2????
??????¨“?,????
??????¨“?,????
?•ÎÅM?Ê‡???¨“?,????
?•Î???????¨“?,????
???????¨“?,????
??????¨“?,????
???????¨“?,????
???????¨“?,????
??????¨“?,????
??????¨’??¨“?,????
????????¨“?,????
?????????¨“?,????
???????¨“?,????
???????¨“?,????
??????¨“?,????
????????¨“?,????
????????¨“?,????
?????????¨“?,????
???????¨“?,????
???????¨“?,????
???????Ê‡???¨“?,????
???????¨“?,????
??????????¨“?,????
???????¨“?,????
??????¨“?,????
?????¨“?,????
?????¨“?,????
??????¨“?,????
?????¨“?,????
?????¨“?,??2????
???????¨“?,????
???????¨“?(???),?¨“?
???????¨“?,????
???????¨’??¨“?,????
???????¨“?,????
???Ñã?¨’??¨“?,????
???•‰??¨“?,????
?±h???¨“?,????
?????¨“?,????
???????¨“?,????
???????¨“?,????
???????¨“?,????
???????¨“?,??2????
?????????¨“?,????
???????¨“?,????
???????¨“?,??2????
??????Ê‡???¨“?,??2????
??????Ê‡???¨“?,????
??????¨“?,????
???????¨’??¨“?,????
??????¨“?,????
???????¨“?,????
??•‰??¨“?,????
?????¨“?,??2????
?????¨“?,????
???°∆????¨“?,????
?????¨“?,????
?????¨“?,????
?????¨“?,????
??ÓÈ?????¨“?,????
???©§????¨’??¨“?,????
?????¨“?,????
??????¨“?,????
??????¨’??¨“?,????
??????????¨“?,????
?????????????¨“?,????
??????????¨“?,????
??????????¨“?,????
?????????¨“?,????
??????¨“?,????
??????¨“?,????
?????¨“?,????
??????¨“?,????
??????¨“?,????
??????¨“?,????
??????¨“?,????
?????¨“?,????
?????¨“?,????
?????¨“?(ERICA),?¨“?
??????????¨“?,????
?????????¨“?,????
???????¨“?,????
??????¨“?,????
??????¨’??¨“?,????
??????¨“?,????
?????¨“?,????
???Ê‡???????¨“?,????
???•‰??¨“?,????
???????????¨“?,????
???????????¨“?,??2????
???????Ê‡???¨“?,????
?•Î??????¨“?,????
??????¨“?,????
???????¨“?,????
??????¨“?,????
???????¨’??¨“?,????
???????¨“?,????
??????¨“?,????
??????¨“?,??2????
???????¨’??¨“?,????
??????¨“?,????
?????¨“?,????
??????¨“?,????
??????¨“?,????
?????¨“?,????
????????¨“?,????
?????¨“?,????
??????¨’??¨“?,????
??????????¨“?,????
?????¨“?,????
?????¨“????,????
??????????¨“?,????
??????????¨“?,????
?ìû???????¨“?,????
?•ÎÅö?????¨“?,????
?????????¨“?,????
???•·??????¨“?,????
???•·??????¨“?,??2????
??????????¨“?,????
??????????¨“?,????
?????????¨“?,????
??????????¨“?,????
?????¨“?(?????),????
?????¨“?(?????),????
?????????¨“?(?????),????
????????????¨“?(?????),????
???????????¨“?,????
????????¨“?(?????),????
?????¨“?(?????),????
??????¨“?,????
?????¨“?(?????),????
?????¨“?,????
?????¨“?(?????),????
????????,????
????????????¨“?,????
???????????¨“?,????
????????????¨“?,????
?ìû????????¨“?,????
?•Î?????¨’??¨“?,????
????????¨’??¨“?,????
???????????¨“?,????
????????????¨“?,????
???????????????¨“?,????
?????????¨’??¨“?,????
????????????¨“?,????
???????????¨“?,????
?????¨ﬁ???????????¨“?,????
??????????¨“?,????
???????????????¨“?,????
??????????¨“?,????
??•È?????????¨“?,????
??????????¨“?,????
??????¨“????,????
??????¨“????,????
?ìû?????¨“????,????
????????????¨“?,????
?????????????,????
?????????????,????
?????????¨“?,????
?????????¨“?,????
???Ê‡???????¨“?,????
???????¨“?,????
?????¨“?,????
??•‰??¨“?,????
????????????,????
???•Ô?????¨“?,????
?????????¨“?,????
??????????¨“?,????
????????¨“?,????
?????????¨“?,????
??????¨“?,????
??????¨“?,????
???????¨“?,????
??????¨“?,????
???????????,????
????????¨“?,????
???????¨“?,????
???????¨“?,????
?????¨“?,????
?ìû???????¨“?,????
?ìû??????¨“?,????
?ìû???¨’??¨“?,????
?îΩ???¨“?,????
?ïõ???¨“?,????
??????¨“?,????
????????¨“?,????
??????????¨“?,????
???????????,????
???????¨“?????¨“?,????
????????????¨“?,????
?????¨“?,????
?????¨’??¨“?,????
??????????¨“?,????
???????¨“?,????
????????????¨“?,????
?????????¨“?,????
?????????¨“?,????
???????¨“?,????
??????¨’??¨“?,????
?•ÎÉﬁ????¨“?,????
?•Ô????????¨“?,????
??????¨“?,????
????????????,????
???????¨’??¨“?,????
??????¨“?,????
?????????¨“?,????
???????????¨“?,????
?•Î?????¨“?,????
?•Î≤Ê????¨“?,????
?•Î???¨“?????¨“?,????
??????¨“?,????
??????????¨“?,????
???????????¨“?,????
?????????¨“?,????
??????¨“?,????
???????????,????
??????????¨“?,????
???????¨’??¨“?,????
?????????¨“?,????
?????????¨“?,????
??????¨“?,????
??????¨“?,????
??????¨“?,????
?????¨“?,????
???????¨“?????¨“?,????
??????¨“?,????
??????¨“?,????
??????????¨“?,????
???????????¨“?,????
??????¨“?,????
???????????¨“?,????
???•Ô??????¨’??¨“?,????
?????¨’??¨“?,????
?????????¨“?,????
??????????¨“?,????
??????¨“?,????
?•‰????¨“?,????
?????¨“?,????
???????¨’??¨“?,????
??????????¨“?,????
??????¨’??¨“?,????
??????????¨“?,????
??????????¨“?,????
????????¨’??¨“?,????
?????????¨“?,????
??????,????
??????????¨“?,????
????????¨“?,????
????????????¨“?,????
?????????¨“?,????
??????¨“?,????
??????¨“?,????
???????????¨“?,????
???????¨“?,????
???????¨“?,????
?????????¨“?,????
??¯ª????¨“?,????
??????¨“?,????
???????¨“?,????
?????¨“?????¨“?,????
?•ÎÖr?????¨“?,????
???????????¨“?,????
??????¨“?,????
??????????¨“?,????
???????¨“?,????
?????¨“?,????
???????????¨“?,????
??????¨“?,????
????°∆?????¨“?,????
????????????¨“?,????
????????????????,????
??????????¨“?,????
ICT?????????,????
????????? I ???? ????????????,????
????????? I ???? ??????????,????
????????? I ???? ????????,????
????????? II ???? ???????,????
????????? II ???? ?????????,????
????????? III ???? ???????,????
????????? III ???? ????????,????
????????? IV ???? ????????,????
????????? IV ???? ???????,????
????????? IV ???? ???????,????
????????? IV ???? ???????,????
????????? V ???? ????????,????
????????? V ???? ????????,????
????????? V ???? ????????,????
????????? V ???? ???????,????
????????? VI ???? ?ìû????,????
????????? VI ???? ????????,????
????????? VII ???? ???????,????
????????? VII ???? ?•Î?????,????
????????? VII ???? ???????,????
????????? ???????? ?????????,????
????????? VI ???? ??????????????,????
????????? ???????? ????????????,????
????????? ???????? ???????,????
??????????????????????¨·????¨“?,????
??????¨’??¨·????¨“?,????
???????????¨·????¨“?,????
?????¨·????¨“?,????
????????¨·????¨“?,????
????????¨·????¨“?,????
??????•Ì?????¨’??¨·????¨“?,????
??????¨’??¨·????¨“?,????
????????????¨’??¨·????¨“?,????
???????????¨·????¨“?,????
???£⁄????¨’??¨·????¨“?,????
???????¨·????¨“?,????
?????????????¨·????¨“?,????
?®˘????¨·????¨“?,????
?????????????¨·????¨“?,????
?????????¨·????¨“?,????
????????????????¨·????¨“?,????
?????????¨·????¨“?,????
??????????¨·????¨“?,????
????????¨·????¨“?,????
????©§????¨·????¨“?,????
?????????¨·????¨“?,????
??????¨·????¨“?,????
???¨“????????¨·????¨“?,????
?????????????¨·????¨“?,????
??????????¨·????¨“?,????
?????¨·????¨“?,????
???Ï‹????¨·????¨“?,????
??????¨·????¨“?,????
?????????¨·????¨“?,????
??????¨’??¨·????¨“?,????
??????????¨·????¨“?,????
???????????¨·????¨“?,????
?????????¨·????¨“?,????
???????????¨·????¨“?,????
????????¨·????¨“?,????
?????¨·????¨“?,????
??????°æ???????¢•??¨·????¨“?,????
????¨’??¨·?,????
??????????????¨“? ???¨·?,????
??????????????¨“? ???¨·?,??2????
??????????????¨“? ????????¨’??¨·?,??2????
??????????????¨“? ????????¨’??¨·?,????
??????????????¨“? ???????¨·?,??2????
??????????????¨“? ???????¨·?,????
??????????????¨“? ??????¨·?,????
??????????????¨“? ??????¨·?,??2????
???????¨“? ?????¨·?,????
???????¨“? ?????¨·?,????
???????¨“? ???????¨·?,????
???????¨“? ??????¨’??¨·?,??2????
???????¨“? ??????¨·?,????
???????¨“? ???????????¨·?,????
???????¨“? ???????????¨·?,????
???????¨“? ????????????????¨·?,????
???????¨“? ???????????¨·?,????
???????¨“? ???????????¨·?,??2????
???????¨“? ????????????????¨·?,????
?????¨“? ?????¨·?,????
?????¨“? ?????¨·?,????
?????¨“? ???????¨·?,????
?????¨“? ???????¨·?,????
?????¨“? ??????¨·?,????
?????¨“? ??????¨·?,????
?????¨“? ??????????¨·?,????
?????¨“? ???????¨·?,????
?????¨“? ???????????¨·?,????
?????¨“? ??????¨’??¨·?,????
?????¨“? ???????????¨·?,????
?????¨“? ????????????¨·?,????
???????¨“? ???¨·?,????
???????¨“? ?????¨·?,????
???????¨“? ???????¨·?,????
???????¨“? ??????¨·?,????
???????¨“? ???????¨·?,????
???????¨“? ???????????¨·?,????
???????¨“? ??????¨“?????¨·?,????
???????¨“? ??????????????¨·?,????
??????????¨“? ???¨·?,????
??????????¨“? ?????????¨·?,????
??????????¨“? ???????¨·?,????
??????????¨“? ??????¨’??¨·?,????
??????????¨“? ??????????¨·?,????
??????????¨“? ????????????¨·?,????
??????????¨“? ??????¨’??¨·?,????
??????????¨“? ?????????¨·?,????
??????????¨“? ???¨·?,????
??????????¨“? ?????????¨·?,????
??????????¨“? ???????¨·?,????
??????????¨“? ??????¨·?,????
??????????????¨“? ???¨·?,????
??????????????¨“? ???????¨·?,????
??????????????¨“? ??????¨·?,????
??????????????¨“? ????????¨·?,????
???????????¨“? ???¨·?,????
???????????¨“? ?????????¨·?,????
???????????¨“? ???????¨·?,????
???????????¨“? ?????????¨·?,????
?????????????¨“? ???¨·?,????
?????????????¨“? ????????¨·?,????
?????????¨“? ???¨·?,????
?????????¨“? ?????¨·?,????
?????????¨“? ???????¨·?,????
?????????¨“? ???????¨·?,????
?????????¨“? ??????¨·?,????
?•Î???¨“? ?????¨·?,????
?•Î???¨“? ?????¨·?,????
?•Î???¨“? ???????¨·?,????
?•Î???¨“? ??????¨·?,????
?•Î???¨“? ???????¨·?,????
?•Î???¨“? ?????¨·?,????
?•Î???¨“? ?????????????¨·?,????
?•Î???¨“? ???????????¨·?,????
?•Î???¨“? ???????????¨·?,????
?•Î???¨“? ???????????¨·?,????
?•Î???¨“? ????????????¨·?,????
?•Î???¨“? ?????????¨·?,????
??????¨“? ???¨·?,????
??????¨“? ???????¨·?,????
??????¨“? ??????¨·?,????
??????¨“? ???????¨·?,????
??????¨“? ?????¨·?,????
??????¨“? ?????????¨·?,????
??????¨“? ???????????¨·?,????
??????¨“? ????¨’??¨·?,????
??????¨“? ???¨’??¨·?,????
??????¨“? ??????¨“?????¨·?,????
??????????¨“? ?????¨·?,????
??????????¨“? ?????????¨·?,????
??????????¨“? ???????¨·?,????
??????????¨“? ??????¨·?,????
??????????¨“? ?????????????¨·?,????
??????????¨“? ?????¨·?,????
??????????¨“? ???????¨·?,????
??????????¨“? ?????????¨·?,????
??????????¨“? ????????????????¨·?,????
???????¨“? ???¨·?,????
???????¨“? ???????¨·?,????
???????¨“? ??????¨·?,????
???????¨“? ???????¨·?,????
???????¨“? ?????????¨·?,????
???????¨“? ???????????¨·?,????
???????¨“? ???????????¨·?,????
???????¨“? ????????????¨·?,????
???????¨“? ???????¢•??¨·?,??2????
???????¨“? ?????????¨·?,??2????
???????¨“? ??????????¨·?,????
??????¨“? ???¨·?,????
??????¨“? ?????¨·?,????
??????¨“? ???????¨·?,????
??????¨“? ???????¨·?,????
??????¨“? ??????¨·?,????
??????¨“? ?????????¨·?,????
??????¨“? ???????¨’??¨·?,????
??????¨“? ???????¨·?,????
??????¨“? ?????¨·?,????
??????¨“? ???????????¨·?,????
??????¨“? ???????????¨·?,????
??????¨“? ????????????¨·?,????
??????¨“? ??????????¨’??¨·?,????
??????¨“? ?????•Ï????????????¨·?,????
??????¨“? ???¨·?,????
??????¨“? ?????¨·?,????
??????¨“? ???????¨·?,????
??????¨“? ??????????¨·?,????
??????¨“? ??????¨·?,????
??????¨“? ???????¨·?,????
??????¨“? ???????????¨·?,????
??????¨“? ???????????¨·?,????
??????????¨“? ???¨·?,????
??????????¨“? ?????¨·?,????
??????????¨“? ???????¨·?,????
??????????¨“? ?îΩ???¨·?,????
??????????¨“? ??????¨·?,????
??????????¨“? ??????????¨·?,????
??????????¨“? ???????¨·?,????
??????????¨“? ????????????¨·?,????
?????¨“? ???¨·?,????
?????¨“? ?????¨·?,????
?????¨“? ???????¨·?,????
?????¨“? ??????¨·?,????
?????¨“? ??????¨·?,????
?????¨“? ?????????¨·?,????
?????¨“? ???????¨·?,????
?????¨“? ???????????¨·?,????
?????¨“? ?????????¨·?,????
?????¨“? ???????????¨·?,????
?????¨“? ?¨ﬁ????¨“?????¨·?,????
?????¨“? ???????????????????¨·?,????
?????¨“? ??????????¨·?,????
?????¨“? ???¨·?,????
?????¨“? ?????¨·?,????
?????¨“? ???????¨·?,????
?????¨“? ???????¨·?,????
?????¨“? ??????¨·?,????
?????¨“? ???????¨·?,????
?????¨“? ???????????¨·?,????
??????????¨“? ???¨·?,????
??????????¨“? ???????¨·?,????
??????????¨“? ??????????????¨·?,????
?????????¨“? ???¨·?,????
?????????¨“? ???????¨·?,????
?????????¨“? ?????????¨·?,????
????????????¨“? ???¨·?,????
????????????¨“? ???????¨·?,????
????????????¨“? ????????¨·?,????
????????????¨“? ????????????¨·?,????
?????????????¨“? ???¨·?,????
?????????????¨“? ?????????¨·?,????
?????????????¨“? ???????¨·?,????
?????????????¨“? ?•È????¨·?,????
?????¨“?????¨“? ???¨·?,????
?????¨“?????¨“? ??????¨·?,????
??????¨“?????¨“? ?????¨·?,????
??????¨“?????¨“? ??????¨·?,????
??????¨“?????¨“? ??????????¨·?,????
??????¨“?????¨“? IT??????????¨·?,????
??????¨“?????¨“? ???????????¨·?,????
????????¨“? ?????¨·?,????
????????¨“? ??????¨·?,????
????????¨“? ???????????¢•??¨·?,????
?????????¨“? ?????¨·?,????
?????????¨“? ??????¨·?,????
?????????¨“? ??????????????¨·?,????
?????????¨“? ????????¨·?,????
????©™????¨“? ???¨·?,????
????©™????¨“? ?????¨·?,????
????©™????¨“? ???????¨·?,????
????©™????¨“? ???¨“?????¨·?,????
????©™????¨“? ?????????????¨·?,????
????©™????¨“? ???©£??¨’??¨·?,????
????©™????¨“? ???????????¨·?,????
????©™????¨“? ???????????¨·?,????
???Ê‡???¨“? ?????¨·?,??2????
???Ê‡???¨“? ?????¨·?,??3????
???Ê‡???¨“? ???¨·?,????
???Ê‡???¨“? ?????¨·?,????
???Ê‡???¨“? ???????¨·?,????
???Ê‡???¨“? ?????????¨·?,??3????
???Ê‡???¨“? ??????¨·?,??2????
???Ê‡???¨“? ??????????¨·?,????
???Ê‡???¨“? ???????¨·?,????
???Ê‡???¨“? ???????¨·?,??2????
???Ê‡???¨“? ???????¨’??¨·?,??2????
???Ê‡???¨“? ???????¨·?,??2????
???Ê‡???¨“? ??????????¨·?,????
???Ê‡???¨“? ????????¨·?,????
???Ê‡???¨“? ???????????¨·?,??2????
???Ê‡???¨“? ???????¨·?,??2????
?????????¨’??¨“? ???¨·?,????
?????????¨’??¨“? ??????¨’??¨·?,????
?????????¨’??¨“? ???¨’??¨·?,????
???????¨“? ???¨·?,????
???????¨“? ???????¨·?,????
???????¨“? ??????????????¨·?,????
???????¨“? ??????¨’??¨·?,????
??????¨“?(?????) ?????¨·?,?¨“?
??????¨“? ?????¨·?,????
??????¨“? ?????¨·?,????
??????¨“?(?????) ???????¨·?,?¨“?
??????¨“? ???????¨·?,????
??????¨“? ??????¨·?,????
??????¨“? ?????•‰??¨·?,????
??????¨“?(?????) ??????¨’??¨·?,?¨“?
??????¨“? ??????¨·?,????
??????¨“? ?????????¨·?,????
??????¨“? ?????????¨·?,????
??????¨“? ???????¨·?,????
??????¨“? ???????????¨·?,????
??????¨“? ?•Â?????¨·?,????
??????¨“? ?????????¨·?,????
??????¨“? ???????????¨·?,????
??????¨“?(?????) ???????????¨·?,?¨“?
?????¨“? ??????????¨·?,??2????
?????¨“? ??????????¨·?,????
?????¨“? ????????????¨·?,????
?????¨“? ?????¨·?,????
?????¨“? ??????¨·?,????
?????¨“? ???????¨·?,????
?????¨“? ??????????¨·?,????
?????¨“? ??????????¨·?,????
?????¨“? ??????????¨·?,????
?????¨“? ???????¨·?,????
?????¨“? ???????¨·?,????
?????¨“? ???????????¨·?,????
?????¨“? ???????????¨·?,????
?????¨“? ????????????¨·?,????
?????¨“? ?????????¨’??¨·?,????
?????¨“? ??????¨’??¨·?,????
?????¨“? ??????????¨·?,????
?????¨“? ????????????¨·?,????
?????¨“? ?????????•‰??¨·?,????
?????¨“? ??????????¨·?,????
?????¨“? ???¨·?,????
?????¨“? ???????¨·?,????
?????¨“? ???????¨·?,????
?ìû??????¨“? ???¨·?,????
?ìû??????¨“? ?????????¨·?,????
?ìû??????¨“? ????????¨·?,????
?????¨“? ?????¨·?,????
?????¨“? ?????¨·?,????
?????¨“? ???????¨·?,????
?????¨“? ??????????¨·?,????
?????¨“? ?????¨’??¨·?,????
?????¨“? ?????¨÷????????????¨·?,????
?????¨“? ?????????¨·?,????
??????¨“? ?????¨·?,????
??????¨“? ?????¨·?,????
??????¨“? ???????¨·?,????
??????¨“? ??????¨·?,????
??????¨“? ?????????¨·?,????
??????¨“? ???????????¨·?,????
??????¨“? ??????¨·?,????
??????¨“? ????????¨·?,????
??????¨“? ???????????¨·?,????
??????¨“? ?????????•‰??¨·?,????
??????¨“? ?????¨·?,????
??????¨“? ????????¨·?,????
??????¨“? ??????¨·?,????
??????¨“? ??????????¨·?,????
???????¨“? ?????¨·?,????
???????¨“? ???????¨·?,????
???????¨“? ????????¨·?,????
??????¨“? ???¨·?,????
??????¨“? ?????¨·?,????
??????¨“? ???????¨·?,????
??????¨“? ???????¨·?,????
??????¨“? ???????¨·?,????
??????¨“? ???????????¨·?,????
??????¨“? ??????????¨·?,????
??????¨“? ?????????¨·?,????
??????¨“? ??????????¨·?,????
??????¨“? ???????¨·?,????
??????¨“? ??????¨·?,????
??????¨“? NGO???¨·?,????
??????¨“? ???????¨’??¨·?,????
??????¨“? ???????????•‰??¨·?,????
??????¨“? ???????????¨·?,????
??????¨“? ???????????¨·?,????
??????¨“? ????????????¨·?,????
??????¨“? ???????¨·?,????
??????¨“? ???¨·?,????
??????¨“? ?????¨·?,????
??????¨“? ???????¨·?,????
??????¨“? ????????????¨·?,????
??????¨“? ??????¨’??¨·?,????
??????¨“? ???????¨·?,????
??????¨“? ??????¨·?,????
??????¨“? ??????????¨·?,????
???????¨“? ???¨·?,????
???????¨“?(????) ?????¨·?,?¨“?
???????¨“?(????) ?????????¨·?,?¨“?
???????¨“? ???????¨·?,????
???????¨“? ???????¨·?,????
???????¨“? ?îΩ???¨·?,????
???????¨“? ???????¨·?,????
???????¨“? ??????¨·?,????
???????¨“? ??¨’??¨·?,????
???????¨“?(????) ?•È????????¨·?,?¨“?
???????¨“? ??????¨·?,????
???????¨“?(????) ???????¨·?,?¨“?
???????¨“? ???????¨’??¨·?,????
???????¨“? SW?AI??????¨·?,????
???????¨“?(????) ?????¨’??¨·?,?¨“?
???????¨“? ??????????¨·?,????
???????¨“? ?????????¨·?,????
???????¨“? ???¨’??¨·?,????
???????¨“? ???????????¨·?,????
???????¨“? ?????????¨’??¨·?,????
???????¨“? ???????????¨·?,????
???????¨“? ?????????????????¨·?,????
???????¨“? ???????????????????¨·?,????
???????¨“? ???????(??????????????????¨·?),????
???????¨“? ????????????¨·?,????
??????¨“? ???¨·?,????
??????¨“? ???????¨·?,????
??????¨“? ?????????¨·?,????
??????¨“? ??????¨·?,????
??????¨“? ???¨’??¨·?,????
??????¨“? ?????????¨·?,????
??????¨“? ??????????¨·?,????
???Ê‡???????¨“? ?????¨·?,????
???Ê‡???????¨“? ?????????????????¨·?,????
???Ê‡???????¨“? ???????¨·?,????
???Ê‡???????¨“? ???????¨’??¨·?,????
??????¨“? ???¨·?,????
??????¨“? ???????¨·?,????
??????¨“? ???????¨·?,????
??????¨“? ??????????¨·?,????
??????¨“? ???¨’??¨·?,????
??????¨“? ????????¨·?,????
??????¨“? ???¨·?,????
??????¨“? ?????¨·?,????
??????¨“? ???????¨·?,????
??????¨“? ?????¨·?,????
??????¨“? ??????????¨·?,????
??????¨“? ???????????¨·?,????
??????¨“? ?????????????¨·?,????
??????Ê‡???¨“? ???¨·?,????
?????????¨“? ?????¨·?,????
?????????¨“? ???????¨·?,????
?????????¨“? ?????????¨·?,????
???•‰??¨“? ???¨·?,????
???•‰??¨“? ?????¨·?,????
???•‰??¨“? ???????¨·?,????
???•‰??¨“? ?????•‰??¨·?,????
???•‰??¨“? ???????¨·?,????
???•‰??¨“? ????????????¨·?,????
???•‰??¨“? ??????¨·?,????
???•‰??¨“? ???????¨·?,????
???•‰??¨“? ????????????????¨·?,????
???•‰??¨“? ?????????????????¨·?,????
???•‰??¨“? ???¨’??¨·?,????
???•‰??¨“? ??????IT???????¨·?,????
???•‰??¨“? ??????????¨·?,????
???????¨“? ?????¨·?,????
???????¨“? ???????¨·?,????
???????¨“? ??????????¨·?,????
???????¨“? ???¨’??¨·?,????
??????¨“? ?????¨·?,????
??????¨“? ???????¨·?,????
??????¨“? ??????¨’??¨·?,????
??????¨“? ??•È????¨·?,????
??????¨“? ??????????¨·?,????
???????¨“? ?????¨·?,????
???????¨“? ???????¨·?,????
???????¨“? ???¨’??¨·?,????
???????¨“? ??????????¨·?,????
??????¨“? ?????¨·?,????
??????¨“? ?????¨·?,????
??????¨“? ???????¨·?,????
??????¨“? ??????????¨·?,????
??????¨“? ??????????¨·?,????
??????¨“? ???????????¨·?,????
??????¨“? ?•Â??????????¨·?,????
??????¨“? ????????????????¨·?,????
?ìû???¨“? ???¨·?,????
?ìû???¨“? ???????¨·?,????
?ìû???¨“? ?????•‰??¨·?,????
?ìû???¨“? ??????????¨·?,????
?ìû???¨“? ??????¨’??¨·?,????
?ìû???¨“? ??????????¨·?,????
?ìû???¨“? ???????????¨·?,????
?ìû???Ê‡???¨“? ???¨·?,????
?ìû???Ê‡???¨“? ?????¨·?,????
?ìû???Ê‡???¨“? ???????¨·?,????
?ìû???Ê‡???¨“? ?????•‰??¨·?,????
?ìû???Ê‡???¨“? ??????????¨·?,????
?ìû???Ê‡???¨“? ???¨’??¨·?,????
??????¨“? ?????¨·?,????
??????¨“? ?????????¨·?,????
??????¨“? ???????¨·?,????
??????¨“? ??????¨·?,????
??????¨“? ?????????¨·?,????
?????¨“? ???¨·?,????
?????¨“? ???¨’??¨·?,????
???????Ê‡???¨“? ???¨·?,????
???????¨“? ?????¨·?,????
???????¨“? ???????¨·?,????
???????¨“? ?????????????????¨·?,????
???????¨“? ???¨·?,????
???????¨“? ???????¨·?,????
???????¨“? ???????????¨·?,????
???????¨“? ??????¨·?,????
???????¨“? ??????????????¨·?,????
????????¨“? ???¨·?,????
????????¨“? ??????????¨·?,????
????????¨“? ???????????¨·?,????
????????¨“? ????????¨·?,????
??????????¨“? ???¨·?,????
??????????¨“? ???????¨·?,????
??????????¨“? ?????????¨·?,????
???????¨“? ???¨·?,????
???????¨“?(WISE) ?????¨·?,?¨“?
???????¨“? ?????¨·?,????
???????¨“? ???????¨·?,????
???????¨“? ???????????¨·?,????
???????¨“? ??????????¨·?,????
???????¨“? ???????¨·?,????
???????¨“? ??????¨·?,????
???????¨“?(WISE) ??????¨’??¨·?,?¨“?
???????¨“?(WISE) ?????¨·?,?¨“?
???????¨“? ??????¨·?,????
???????¨“? ??????????¨·?,????
???????¨“? ???????¨·?,????
???????¨“? ??????¨·?(????),????
???????¨“? ?????????????¨·?,????
???????¨“?(WISE) ?????????¨·?,?¨“?
???????¨“? ?????????¨·?,????
???????¨“?(WISE) ???????????¨·?,?¨“?
???????¨“? ??????????¨·?,????
??????????¨“? ?????¨·?,????
??????????¨“? ???????¨·?,????
??????????¨“? ?????•‰??¨·?,????
??????????¨“? ???????????¨·?,????
??????????¨“? ?¨ﬁ????????¨·?,????
??????????¨“? ??ñA????¨·?,????
??????????¨“? ??????????¨·?,????
??????????¨“? ??????????¨·?,????
??????????¨“? ?????????????¨·?,????
???????¨“? ?????¨·?,????
???????¨“? ?????????????¨·?,????
???????¨“? ???????????¨·?,????
???????¨“? ?????¨·?,????
??????¨“? ???¨·?,????
??????¨“? ???????¨·?,????
??????¨“? ?????????¨·?,????
??????¨“? ???¨·?,????
??????¨“? ?????¨·?,????
??????¨“? ???????¨·?,????
??????¨“? ???????¨·?,????
??????¨“? ??????????¨·?,????
??????¨“? ??????????¨·?,????
??????¨“? ??????????¨·?,????
??????¨“? ???????????¨·?,????
??????¨“? ???????????¨·?,????
??????¨“? ???????????¨·?,????
??????¨“? ?????¨·?,????
??????¨“? ???????¨·?,????
??????¨“? ???????¨·?,????
??????¨“? ???¨·?,????
??????¨“? ?????¨·?,????
??????¨“? ???????¨·?,????
??????¨“? ???????¨·?,????
??????¨“? ???????????¨·?,????
??????¨“? ???¨·?,????
???????¨“? ???¨·?,????
???????¨“? ?????¨·?,??2????
???????¨“? ???????¨·?,??2????
???????¨“? ??????????¨·?,??2????
???????¨“? ??????????¨·?,??2????
???????¨“? ??????????¨·?,??2????
???????¨“? ??????¨·?,??2????
???????¨“? ?????¨’??¨·?,??2????
???????¨“? ?•Â?????¨·?,??2????
???????¨“? ?•Â????????????¨·?,??2????
???????¨“? ??????????????????¨·?,??2????
??????¨“? ?????¨·?,????
??????¨“? ???????¨·?,????
??????¨“? ???¨’??¨·?,????
??????¨“? ??¨“?????????¨·?,????
??????¨“? ?????????¨’??¨·?,????
??????¨“? ???¨·?,????
??????¨“? ???????¨·?,????
??????¨“? ?????????¨·?,????
??????¨“? ?????????????¨·?,????
??????¨“? ????????????¨·?,????
??????¨“? ????????¨·?,????
??????¨“? ????????????¨·?,????
?•ÎÅM?Ê‡???¨“? ???¨·?,????
?•ÎÅM?Ê‡???¨“? ???????¨’??¨·?,????
?•Î???????¨“? ???¨·?,????
?•Î???????¨“? ???????¨·?,????
?•Î???????¨“? ?ó™???????¨·?,????
?•Î???????¨“? TESOL ???¨·?,????
?•Î???????¨“? ???????????¨·?,????
???????¨“? ???¨·?,????
???????¨“? ?????¨·?,????
???????¨“? ???????????¨·?,????
???????¨“? ??????????¨·?,????
??????¨“? ???¨·?,????
??????¨“? ?????¨·?,????
??????¨“? ???????¨·?,????
??????¨“? ?????????•‰??¨·?,????
??????¨“? ?????????¨·?,????
???????¨“? ???¨·?,????
???????¨“? ???????¨·?,????
???????¨“? ??????.????????¨·?,????
???????¨“? ?????????????¨·?,????
???????¨“? ??.????.??????¨·?,????
???????¨“? ???¨·?,????
???????¨“? ???????¨·?,????
???????¨“? ??????????¨·?,????
???????¨“? ???????¨·?,????
???????¨“? ???????¨·?,????
???????¨“? ???¨’??¨·?,????
???????¨“? ??¨’??¨·?,????
???????¨“? ?????????¨·?,????
???????¨“? ??????¨·?,????
???????¨“? ?????????¨·?,????
???????¨“? ???????????¨·?,????
???????¨“? ????????????¨·?,????
??????¨“? ?????¨·?,????
??????¨“? ?????¨·?,????
??????¨“? ??óπ?????¨·?,????
??????¨’??¨“? ???¨·?,????
??????¨’??¨“? ??????????¨·?,????
??????¨’??¨“? ???¨’??¨·?,????
??????¨’??¨“? ?????¨·?,????
??????¨’??¨“? ???????????¨·?,????
????????¨“? ???¨·?,????
????????¨“? ???????¨·?,????
????????¨“? ?????????????¨·?,????
????????¨“? ???????????????¨·?,????
?????????¨“? ?????¨·?,????
?????????¨“? ?????????¨·?,????
?????????¨“? ???¨’??¨·?,????
?????????¨“? ?????????????¨·?,????
?????????¨“? ????????????¨·?,????
?????????¨“? ??????????????¨·?,????
???????¨“? ???????¨·?,????
???????¨“? ??????¨·?,????
???????¨“? ???¨·?,????
???????¨“? ?????¨·?,????
???????¨“? ???????¨·?,????
???????¨“? ??????????¨·?,????
???????¨“? ????????¨·?,????
???????¨“? ???????¨·?,????
???????¨“? ???????????¨·?,????
???????¨“? ???????¨’??¨·?,????
??????¨“? ?????¨·?,????
??????¨“? ???????¨·?,????
??????¨“? ??????????¨·?,????
??????¨“? ???????????¨·?,????
??????¨“? ??????¨’??¨·?,????
????????¨“? ???¨·?,????
????????¨“? ???????¨·?,????
????????¨“? ??•Î?????????¨·?,????
????????¨“? ???????????¨·?,????
????????¨“? NGO???¨·?,????
????????¨“? ??????¨·?,????
????????¨“? ?????¨·?,????
????????¨“? ?????¨·?,????
????????¨“? ???????¨·?,????
????????¨“? ?????•‰??¨·?,????
????????¨“? ??????????¨·?,????
????????¨“? ??????????¨·?,????
????????¨“? ???¨’??¨·?,????
????????¨“? ?????¨’??¨·?,????
????????¨“? ?????????¨·?,????
????????¨“? ???????¨·?,????
????????¨“? ???¨“?????¨·?,????
????????¨“? ??????¨’??¨·?,????
????????¨“? ??(????)???¨·?,????
????????¨“? ????????(TESOL)???¨·?,????
????????¨“? ???????????¨·?,????
????????¨“? ???????????¨·?,????
????????¨“? ???????¨·?,????
????????¨“? ???????????¨·?,????
????????¨“? ???????????¨·?,????
????????¨“? ?????¨·?(iMBA),????
????????¨“? ??????¨·?,????
?????????¨“? ???¨·?,????
?????????¨“? ???????¨·?,????
?????????¨“? ?????????¨·?,????
?????????¨“? ??????????¨·?,????
?????????¨“? ????????•Ô??????¨·?,????
???????¨“? ?????¨·?,????
???????¨“? ???????¨·?,????
???????¨“? ???•Ë???????¨·?,????
???????¨“? ?????????????¨·?,????
???????¨“? ?????¨·?,????
???????¨“? ???????¨·?,????
???????¨“? ???????¨·?,????
???????¨“? ????????¨·?,????
???????¨“? ??????¨·?,????
???????¨“? ?????????¨·?,????
???????¨“? ??????¨’??¨·?,????
???????¨“? ???????¨·?,????
???????¨“? ???????????¨·?,????
???????¨“? ??????¨·?,????
???????¨“? ?????????¨·?,????
???????¨“? ????????????????¨·?,????
???????¨“? ????•Â?????¨·?,????
???????Ê‡???¨“? ???¨·?,????
???????¨“? ?????¨·?,????
???????¨“? ?????¨·?,????
???????¨“? ???????¨·?,????
???????¨“? ???????¨’??¨·?,????
???????¨“? ??????¨·?,????
???????¨“? ??????????¨·?,????
???????¨“? ???????¨·?,????
???????¨“? ?????????¨·?,????
???????¨“? ??????¨·?,????
???????¨“? ???¨’??¨·?,????
??????????¨“? ?????¨·?,????
??????????¨“? ???????¨·?,????
??????????¨“? ??????????¨·?,????
??????????¨“? ??????????¨·?,????
??????????¨“? ?????????¨·?,????
??????????¨“? ?????¨’??¨·?,????
??????????¨“? ???ï«????????¨·?,????
??????????¨“? TESOL ???¨·?,????
??????????¨“? ??????¨·?,????
??????????¨“? ?????????????????¨·?,????
??????????¨“? ??????????????????¨·?,????
??????????¨“? ???????????????•‰??¨·?,????
??????????¨“? ?????????¨·?,????
???????¨“? ???¨·?,????
???????¨“? ???????¨·?,????
???????¨“? ??????????¨·?,????
???????¨“? ???????¨·?,????
???????¨“? ??•È??????¨·?,????
???????¨“? ??????¨’??¨·?,????
???????¨“? ?????¨’??¨·?,????
??????¨“? ???¨·?,????
??????¨“? ?????¨·?,????
??????¨“? ???????¨·?,????
??????¨“? ?????¨’??¨·?,????
??????¨“? ??????????¨·?,????
??????¨“? ???????¨’??¨·?,????
??????¨“? ????????¨·?,????
?????¨“? ???¨·?,????
?????¨“? ???????¨·?,????
?????¨“? ?????????¨·?,????
?????¨“? ??????????¨·?,????
?????¨“? ???????¨·?,????
?????¨“? ????????¨·?,????
?????¨“? ???¨·?,????
?????¨“? ???????¨·?,????
?????¨“? ???????¨·?,????
?????¨“? ???¨’??¨·?,????
?????¨“? ?????¨·?,????
?????¨“? ???????¨·?,????
??????¨“? ???¨·?,????
??????¨“? ?????¨·?,????
??????¨“? ??????????¨·?,????
??????¨“? ???????¨·?,????
??????¨“? ???????¨·?,????
??????¨“? ??????¨·?,????
??????¨“? ?????????¨·?,????
??????¨“? ??????????????¨·?,????
??????¨“? ???????¨’??¨·?,????
??????¨“? ???????????¨·?,????
??????¨“? ???????????¨·?,????
?????¨“? ???¨·?,????
?????¨“? ?????????¨·?,????
?????¨“? ???????¨·?,????
?????¨“? ???¨’??¨·?,????
???????¨“? ???¨·?,????
???????¨“? ???????¨·?,????
???????¨“? ???????¨·?,????
???????¨“? ?????¨’??¨·?,????
???????¨“? ???????¨·?,????
???????¨“? ??????¨·?,????
???????¨“?(???) ?????????¨·?,?¨“?
???????¨“? ??????????¨·?,????
???????¨“? ????????¨·?,????
???????¨“? ?????????¨·?,????
???????¨“? ??????¨’??¨·?,????
???????¨“? ???????¨·?,????
???????¨“? ???????¨·?,????
???????¨“? ??????¨·?,????
???????¨“? ?????????¨·?,????
???????¨“? ???¨’??¨·?,????
???????¨“? ???????????¨·?,????
???????¨“?(???) ??????¨·?,?¨“?
???????¨“? ???????????¨·?,????
???????¨“? ????????????¨·?,????
???????¨“? ®®?¢•????????¨·?,????
???????¨“? ?????¨·?,????
???????¨“? ?????¨·?,????
???????¨“? ???????¨·?,????
???????¨“? ???¨’??¨·?,????
???????¨“? ?????¨’??¨·?,????
???????¨“? ???????¨·?,????
???????¨“? ???????¨·?,????
???????¨“? ?????????¨’??¨·?,????
???????¨“? ???????????¨·?,????
???????¨“? ???????????¨·?,????
???????¨“? ??????????????¨·?,????
???????¨’??¨“? ???¨·?,????
???????¨’??¨“? ??????????¨·?,????
???????¨’??¨“? ???¨’??¨·?,????
???????¨“? ??????????¨·?,????
???•‰??¨“? ?????¨·?,????
???•‰??¨“? ?????¨·?,????
???•‰??¨“? ???????¨·?,????
???•‰??¨“? ???????¨·?,????
???•‰??¨“? ??????¨’??¨·?,????
???•‰??¨“? ??????????¨·?,????
???•‰??¨“? ?????????¨’??¨·?,????
???•‰??¨“? ?°æ?????¨·?,????
???•‰??¨“? ???????¨·?,????
?±h???¨“? ?????¨·?,????
?±h???¨“? ???????¨·?,????
?±h???¨“? ????????????¨·?,????
?????¨“? ???¨·?,????
?????¨“? ?????¨·?,????
?????¨“? ???????¨·?,????
?????¨“? ??????¨·?,????
?????¨“? ??????¨·?,????
?????¨“? ??????????????¨·?,????
???????¨“? ???¨·?,????
???????¨“? ???????¨·?,????
???????¨“? ?????????¨·?,????
???????¨“? ?????¨·?,????
???????¨“? ???????¨·?,????
???????¨“? ?????¨’??¨·?,????
???????¨“? ?????????????¨·?,????
???????¨“? ???????????¨·?,????
???????¨“? ???????????¨’??¨·?,????
???????¨“? ???¨·?,????
???????¨“? ?????¨·?,????
???????¨“? ???????¨·?,????
???????¨“? ??????¨·?,????
???????¨“? ??????????¨·?,????
???????¨“? ?????¨·?,????
???????¨“? ??????¨·?,????
???????¨“? ???????¨·?,????
?????????¨“? ???¨·?,????
?????????¨“? ???????¨·?,????
?????????¨“? ???????¨·?,????
?????????¨“? ?????•‰??¨·?,????
?????????¨“? ??????????¨·?,????
?????????¨“? ???¨’??¨·?,????
?????????¨“? ??????¨’??¨·?,????
?????????¨“? ?ó™???????¨·?,????
?????????¨“? ??????¨’??¨·?,????
?????????¨“? ???????????¨·?,????
?????????¨“? ???????¨’??¨·?,????
?????????¨“? ?????????¨·?,????
?????????¨“? ???????????¨·?,????
?????????¨“? ??????????????¨·?,????
?????????¨“? ???????????¨·?,????
?????????¨“? ?????????????¨·?,????
???????¨“? ?????¨·?,????
???????¨“? ?????¨·?,????
???????¨“? ???????¨·?,????
???????¨“? ??????¨·?,????
???????¨“? ??????????¨·?,????
??????Ê‡???¨“? ?????¨·?,??2????
??????Ê‡???¨“? ???¨·?,????
??????Ê‡???¨“? ??????¨·?,??2????
??????¨“? ???¨·?,????
??????¨“? ?????¨·?,????
??????¨“? ???????¨·?,????
??????¨“? ?????????¨·?,????
??????¨“? ??????¨·?,????
??????¨“? ???????????¨·?,????
??????¨“? ???¨’??¨·?,????
??????¨“? ???????????¨·?,????
??????¨“? ???????????¨·?,????
??????¨“? ???????????¨·?,????
???????¨’??¨“? ?????¨·?,????
???????¨’??¨“? ???????¨·?,????
???????¨’??¨“? ?????????¨·?,????
???????¨’??¨“? ?????????¨·?,????
???????¨’??¨“? ???¨’??¨·?,????
???????¨’??¨“? ??????????¨·?,????
??????¨“? ?????¨·?,????
??????¨“? ?????¨·?,????
??????¨“? ???????¨·?,????
??????¨“? ???????¨’??¨·?,????
??????¨“? ???????¨·?,????
??????¨“? ?????????¨·?,????
??????¨“? ??????¨’??¨·?,????
???????¨“? ???¨·?,????
???????¨“? ?????¨·?,????
???????¨“? ???????¨·?,????
???????¨“? ?????•‰??¨·?,????
???????¨“? ??????¨·?,????
???????¨“? ?????¨’??¨·?,????
???????¨“? ??????¨·?,????
???????¨“? ???????????¨·?,????
???????¨“? ????????????¨·?,????
??•‰??¨“? ?????¨·?,????
??•‰??¨“? ???????¨·?,????
??•‰??¨“? ??????¨·?,????
??•‰??¨“? ?•È???????¨·?,????
?????¨“? ???¨·?,??2????
?????¨“? ???¨·?,????
?????¨“? ??????¨·?,????
?????¨“? ???????¨·?,????
?????¨“? ???????¨·?,????
?????¨“? ?????????¨·?,????
?????¨“? ????????¨·?,????
?????¨“? ???????¨·?,????
?????¨“? ???????¨·?,????
?????¨“? ???????¨·?,????
?????¨“? ????????¨·?,????
?????¨“? °¿???????¨·?,????
?????¨“? ?????????¨·?,????
?????¨“? ???????????¨·?,????
?????¨“? ??•È????¨·?,????
?????¨“? ??????????¨·?,??2????
?????¨“? ???????????¨·?,????
?????¨“? ??•È??????????????¨·?,????
?????¨“? ???????????¨·?,??2????
???°∆????¨“? ???¨·?,????
?????¨“? ???????¨·?,????
?????¨“? ???¨’??¨·?,????
?????¨“? ?????¨·?,????
?????¨“? ??????¨·?,????
?????¨“? ???????????¨·?,????
?????¨“? ?????¨·?,????
?????¨“? ???????¨·?,????
?????¨“? ????????¨·?,????
?????¨“? ??????????????¨·?,????
?????¨“? ?????¨·?,????
?????¨“? ???????¨·?,????
?????¨“? ??????¨’??¨·?,????
?????¨“? ???????¨·?,????
?????¨“? ???¨’??¨·?,????
?????¨“? ?????¨·?,????
??ÓÈ?????¨“? ?????¨·?,????
??ÓÈ?????¨“? ???????¨·?,????
??ÓÈ?????¨“? ????????????¨·?,????
???©§????¨’??¨“? ???¨·?,????
???©§????¨’??¨“? ?????????¨·?,????
???©§????¨’??¨“? ???????¨·?,????
???©§????¨’??¨“? ???¨’??¨·?,????
???©§????¨’??¨“? ?????¨·?,????
???©§????¨’??¨“? ??????¨’??¨·?,????
???©§????¨’??¨“? ????????¨·?,????
?????¨“? ???¨·?,????
?????¨’??¨·?,????
??????¨“? ?????¨·?,????
??????¨“? ???????¨·?,????
??????¨“? ??????????¨·?,????
??????¨“? ?????¨·?,????
??????¨“? ????????????¨·?,????
??????¨“? ??????????????¨·?,????
??????¨’??¨“? ???¨·?,????
??????¨’??¨“? ???????¨’??¨·?,????
??????¨’??¨“? ???????????¨·?,????
??????????¨“? ???¨·?,????
??????????¨“? ?????????¨·?,????
??????????¨“? ??????¨·?,????
??????????¨“? ?????¨·?,????
?????????????¨“? ???¨·?,????
?????????????¨“? IT??????¨—???????¨·?,????
?????????????¨“? ??????•Á°∆??????????¨·?,????
??????????¨“? ???¨·?,????
??????????¨“? ??????????¨·?,????
??????????¨“? ???¨’??¨·?,????
??????????¨“? ???????¨·?,????
??????????¨“? ?????¨·?,????
??????????¨“? ?????¨·?,????
??????????¨“? ???????¨·?,????
??????????¨“? ???????????¨·?,????
??????????¨“? TESOL ???¨·?,????
??????????¨“? ???????????¨·?,????
??????????¨“? ?????????¨’??¨·?,????
??????????¨“? ????????¨·?,????
?????????¨“? ???¨·?,????
?????????¨“? ???????????¨·?,????
?????????¨“? ?????????¨·?,????
??????¨“? ???¨·?,????
??????¨“? ?????¨·?,????
??????¨“? ???????¨·?,????
??????¨“? ???????¨’??¨·?,????
??????¨“? ?????????¨·?,????
??????¨“? ???????????¨·?,????
??????¨“? ????????¨·?,????
??????¨“? ???????????¨·?,????
??????¨“? ?????¨·?,????
??????¨“? ???????¨·?,????
??????¨“? ?????????¨·?,????
??????¨“? ?ó™???????¨·?,????
??????¨“? ?????¨·?,????
??????¨“? ???????????¨·?,????
??????¨“? ???????????¢•??¨·?,????
?????¨“? ??????????¨·?,????
??????¨“? ???¨·?,????
??????¨“? ?????¨·?,????
??????¨“? ?????¨’??¨·?,????
??????¨“? ??????¨·?,????
??????¨“? ??????????¨·?,????
??????¨“? ??????¨·?,????
??????¨“? ???????¨’??¨·?,????
??????¨“? ??????¨’??¨·?,????
??????¨“? ???¨·?,????
??????¨“? ???????¨·?,????
??????¨“? ???????¨·?,????
??????¨“? ??????????¨·?,????
??????¨“? ??????????¨·?,????
??????¨“? ?????????????•‰??¨·?,????
??????¨“? ?????¨·?,????
??????¨“? ?????¨·?,????
??????¨“? ???????¨·?,????
??????¨“? ???????¨·?,????
??????¨“? ???????¨·?,????
??????¨“? ?•Â?????¨·?,????
??????¨“? ???????&????????¨·?,????
??????¨“? ??????¨’??¨·?,????
??????¨“? ???¨·?,????
??????¨“? ??????????¨·?,????
??????¨“? ???????????¨·?,????
??????¨“? ?????????????¨·?,????
??????¨“? ???????¨·?,????
??????¨“? ??????¨’??¨·?,????
??????¨“? ??????????????¨·?,????
?????¨“? ???¨·?,????
?????¨“? ???????¨·?,????
?????¨“? ?????????¨·?,????
?????¨“? ???¨’??¨·?,????
?????¨“? ?????????????¨·?,????
?????¨“? ????¨ﬁ????¨·?,????
?????¨“?(ERICA) ???¨·?,?¨“?
?????¨“? ???¨·?,????
?????¨“? ?????¨·?,????
?????¨“? ??????????¨·?,????
?????¨“? ???????¨·?,????
?????¨“? ?????¨’??¨·?,????
?????¨“?(ERICA) ????????¨·?,?¨“?
?????¨“? ??????¨·?,????
?????¨“? ??????????¨·?,????
?????¨“? ???????????¨·?,????
?????¨“? ?????????¨·?,????
?????¨“? ???¨’??¨·?,????
?????¨“? ???????????¨·?,????
?????¨“? ???????????¨·?,????
?????¨“? ???????????¨·?,????
?????¨“? ????????????¨·?,????
?????¨“? ????????????????¨·?,????
??????????¨“? ?????¨·?,????
??????????¨“? ???¨’??¨·?,????
??????????¨“? ?ó™???¨·?,????
??????????¨“? ????????¨·?,????
?????????¨“? ?????¨·?,????
?????????¨“? ???¨’??¨·?,????
?????????¨“? ???°æ??????¨’??¨·?,????
?????????¨“? NGO??????¨·?,????
?????????¨“? ????????¨·?,????
???????¨“? ?????¨·?,????
???????¨“? ???????¨·?,????
???????¨“? ??????????¨·?,????
???????¨“? ???¨’??¨·?,????
???????¨“? ???????¨·?,????
??????¨“? ?????¨·?,????
??????¨“? ???????¨·?,????
??????¨’??¨“? ???¨·?,????
??????¨’??¨“? ?????????¨·?,????
??????¨’??¨“? ???¨’??¨·?,????
??????¨’??¨“? ?????????¨·?,????
??????¨“? ???¨·?,????
??????¨“? ?????¨·?,????
??????¨“? ???????¨·?,????
??????¨“? ???????¨·?,????
??????¨“? ??????????¨·?,????
??????¨“? ?????????¨’??¨·?,????
??????¨“? ??????????????¨·?,????
??????¨“? ??•È???????¨·?,????
??????¨“? ????????????¨·?,????
?????¨“? ???¨·?,????
?????¨“? ????????¨·?,????
?????¨“? ?????¨·?,????
?????¨“? ??????????¨·?,????
?????¨“? ?????????????¨·?,????
?????¨“? ???????¨·?,????
?????¨“? ??????¨·?,????
?????¨“? ?????????¨·?,????
?????¨“? ???????¨·?,????
?????¨“? ???????¨·?,????
?????¨“? ??????¨·?,????
?????¨“? ?????????????????¨·?,????
???Ê‡???????¨“? ??????????¨·?,????
???•‰??¨“? ?????¨·?,????
???•‰??¨“? ???????¨·?,????
???•‰??¨“? ??????¨·?,????
???•‰??¨“? ??????????¨·?,????
???•‰??¨“? ?????????¨·?,????
???•‰??¨“? ??????¨·?,????
???•‰??¨“? ??????????¨·?,????
???•‰??¨“? ????????¨·?,????
???????????¨“? ??????????¨·?,????
???????????¨“? ??????????¨·?,????
???????????¨“? ??????????????¨·?,????
?•Î??????¨“? ?????¨·?,????
?•Î??????¨“? ??????¨·?,????
?•Î??????¨“? ???¨’??¨·?,????
??????¨“? ?????¨·?,????
???????¨“? ?????¨·?,????
??????¨“? ?????¨·?,????
??????¨“? ??????????????¨·?,????
???????¨“? ?????¨·?,????
???????¨“? ??????????¨·?,????
??????¨“? ?????¨·?,??2????
??????¨“? ?????¨·?,????
??????¨“? ???????¨·?,??2????
??????¨“? ?•Â?????¨·?,??2????
??????¨“? ???????????¨·?,??2????
??????¨“? ???????¨·?,????
??????¨“? ??????????¨·?,??2????
???????¨’??¨“? ?????¨·?,????
???????¨’??¨“? ???¨’??¨·?,????
??????¨“? ?????¨·?,????
?????¨“? ?????¨·?,????
?????¨“? ?????¨·?,????
?????¨“? ??????????¨·?,????
??????¨“? ??????¨’??¨·?,????
?????¨“? ?????¨·?,????
?????¨“? ??????????¨·?,????
?????¨“? ??????????¨·?,????
????????¨“? ?????¨·?,????
????????¨“? ??????¨·?,????
?????¨“? ?????¨·?,????
?????¨“? ??????¨·?,????
??????¨’??¨“? ?????¨·?,????
??????¨’??¨“? ???????????¨·?,????
??????¨’??¨“? ???©•??????????????¨·?,????
??????????¨“? ???????¨·?,????
?????¨“???? ?????¨·?,????
??????????¨“? ???????¨·?,????
??????????¨“? ???????¨·?,????
?ìû???????¨“? ???????¨·?,????
?•ÎÅö?????¨“? ???????¨·?,????
?????????¨“? ???????¨·?,????
??????????¨“? ???????¨·?,????
??????????¨“? ???????¨·?,????
?????????¨“? ???????¨·?,????
??????????¨“? ???????¨·?,????
?????¨“? ??????¨·?(?????),????
?????¨“? ??????????????¨·?(?????),????
?????¨“? ????????¨·?(?????),????
?????¨“? ??????¨·?(?????),????
?????¨“? ???????????¢•??¨·?(?????),????
?????????¨“? ??????¨·?(?????),????
?????????¨“? ?????????¨·?(?????),????
????????????¨“? ???????????¨·?(?????),????
????????????¨“? ???©•??????????????¨·?(?????),????
???????????¨“? ???¨·?,????
????????¨“? ??????¨·?(?????),????
?????¨“? ??????¨·?(?????),????
?????¨“? ??????????¨·?,????
?????¨“? ??????????¨·?(?????),????
?????¨“? ??????????¨·?(?????),????
???????????¨“? ?????????¨·?,????
???????????¨“? ?????????¨·?,????
?ìû????????¨“? ????????¨·?,????
???????????¨“? ????????¨·?,????
???????????¨“? ????????¨·?,????
????????????¨“? ???¨·?,????
?????????¨’??¨“? ??????????¨·?,????
??????????¨“? ?????¨·?,????
??????????¨“? ???????????¨·?,????
??????????¨“? ?????•‰??¨·?,????
??????????¨“? ?•Â?????¨·?,????
??????????¨“? ????????¨·?,????
???????????????¨“? TESOL ???¨·?,????
??????¨“???? ?????¨·?,????
??????¨“???? ?????¨·?,????
?ìû?????¨“???? ?????¨·?,????
??????¨“? ????????????¨·?,????
???????¨“? ?????¨·?,????
?????¨“? ????????????¨·?,??2????
?????¨“? ???????¨·?,??2????
?????¨“? ??????????????¨·?,??2????
?????¨“? ????????????¨·?,??2????
?????¨“? ?????¨·?,??2????
?????¨“? ?????¨·?,??2????
?¯™???¨“?,??2????
?¯™???¨“?,??3????
?????¨“? ???¨“?????¨·?,????
?????¨“? ?????????????¨·?,????
?????¨“? ?????¨‹?????¨·?,????
???•·??????¨“? ???????????¨·?,????
???????¨“? ??????????????¨·?,????
???????¨“? KU-KIST??????¨·?,????
???Ê‡???????¨“? ???????????????¨·?,????
???????¨“? ??????????¨·?,????
??????¨“? ???????????¨·?,????
??????¨“? ?????????¨·?,????
?????¨“? ??????????¨·?,????
?????????¨“? ??•È???????¨·?,????
?•Î?????¨’??¨“? ????????¨·?,????
?•Î??????¨“? ???????????¨·?,????
?•Î??????¨“? ??????????¨·?,????
???????¨“? ???¨’??¨·?,????
??????¨“? ?????????¨·?,????
?????????¨“? ???????????¨·?,????
????©™????¨“? ???????©£??¨’??¨·?,????
????????¨“? ????????????¨·?,????
??????¨“? IT??????¨·?,????
???????¨“? ????????????•‰??¨·?,????
???•‰??¨“? ??????????¨·?,????
???????¨“? ????????????¨’??¨·?,????
???????¨“? ????????????¨·?,????
??????¨“? ??????¨·?,????
??????????¨“? ?????¨·?,????
??????????¨“? ???????????¨·?,????
??????????¨“? ??????????¨·?,????
??????????¨“? ??????¨·?,????
??????¨“? ?ó™???????¨·?,????
?????¨“? ?????????¨·?,????
??????????¨“? ??????¨·?,????
?????¨“? ???????????¨·?,????
?????¨“? ??????????¨·?,????
?????¨“? ????????¨—???????¨·?,????
??????????¨“? ??????????¨·?,????
????????¨“? ??????????¨·?,????
?????¨“? ??????????¨·?(?????),????
?????????????¨“? ??????¨·?,????
???????????¨“? ?????¨·?,????
??????ï«????¨“? ?????????????¨·?,????
??????ï«????¨“? ?????¨·?,????
????????????¨“? ?????¨“?????????¨·?,????
?????¨“? ???????????¨·?,????
????????¨“? ????????????¨·?,????
?????¨“? ????????????¨·?(?????),????
???????????¨“?,????
?????????¨“?,????
?????¨“?,????
??????????¨“?,????
?????¨’??¨·????¨“?,????
????????¨“?,????
???????¨“?,????
??????¨“?,????
???????¨“?,????
??????¨’??¨“?,????
???????¨“?,????
??????????¨“?,????
??????¨“?,????
???????????????,????
?????????¨“?,????
?????¨“?,????
?????????¨“?,????
??????¨“?,????
??????????¨“?,????
??????¨“?,????
??????¨“? ?????¨·?,????
??????¨“? ???¨’??¨·?,????
??????¨“? ??????????¨·?,????
??????¨“? ???????¨·?,????
??????¨“? ???¨·?,????
??????¨“? ???????????¨·?,????
??????¨“? ???????¨·?,????
???????¨’??¨·????¨“?,????
??????¨“? ????????¨·?,????
??????¨’??¨“? ?????¨’??¨·?,????
??????¨’??¨“? ????????¨·?,????
????????? VI ???? ????????,????
???????¨“? ???????¨·?,????
???????¨“? ?????¨·?,????
???????¨“? ????????????¨·?,????
???????¨“? ??????????¨·?,????
???????¨“? ??????????¨·?,????
?????¨“?????¨“? ??????????¨·?,????
??????????¨“? ??? ?????????¨·?,????
??????¨“? ??•È??????????¨·?,????
??????????¨“? ??????¨’??¨·?,????
??????¨“? ??????¨’??¨·?,????
??????¨“? ????¨ﬂ????¨·?,????
??????¨“? ??????????¨·?,????
?????????¨“? ????????????¨·?,????
????????¨“? ?????????¨·?,????
????????¨“? ??•È?????????¨·?,????
???????¨“? ?????????¨·?,????
???????¨“? ?????¨·?,????
???•‰??¨“? ??????¨·?,????
?ìû???Ê‡???¨“? ?????¨·?,????
???????¨“? ??????????¨·?,????
??????¨“?,????
??????¨“? ????????????¨·?,????
?????????¨“? ???¨“?????????????¨·?,????
?????¨“? ?????????¨·?,????
?????¨“? ??????????????¨·?,????
?????¨“? ???????¨·?,????
??????¨“? ??????????¨·?,????
??????¨“? ??????¨·?,????
??????¨“? ?????????¨·?,????
???????¨’??¨“? ???????¨’??¨·?,????
???????¨’??¨“? ?????¨·?,????
??????¨“? ???????¨·?,????
??????¨“?,??2????
??????¨“? ?????¨·?,??2????
??????¨“? ???????¨·?,??2????
??????¨“? ????????¨·?,??2????
??????¨“? ?????????¨’??¨·?,??2????
??????¨“? ??????????¨·?,??2????
??????¨“? ??????????????????¨·?,????
?????¨“? ?????????¨“?????¨·?,????
?¯™???¨“?,??4????
?????¨“? ??????¨’??¨·?,????
??????¨“?(????),????
??????¨“?(????),??2????
??????¨“? ??????¨’??¨·?,????
?????¨“? ???????????¨·?,????
??????¨“? ???????¨·?,????
???????¨“? ??????????????¨·?,????
???????¨“? ??????¨·?,????
??????¨“? ?????????????¨·?,????
??????¨“?,??2????
?????¨“? ?•Â?????????¨·?,????
?•Î???¨“? ?????????¨·?,????
??????¨“? ????ITS???¨·?,????
??????¨“? ???¨’??¨·?,????
???????¨“?(???) ???????????¨·?,?¨“?
???•‰??¨“? ??•È? ?????????¨·?,????
??????¨“? ????????¨·?,????
????????¨“? ??•È???????¨·?,????
??????¨“? ??•È???????¨·?,????
????????¨·????¨“?,????
???•‰??¨·????¨“?,????
??????¨“? ?????????????¨·?,????
???????¨“? ????????????¨·?,????
??????¨“? ??????(Prime) ???¨·?,????
??????¨“? ???¨’??¨·?,????
?ìû??????¨“? ????????????¨·?,????
?????¨“? ?????????¨·?,????
??????¨“? ???????????¨·?,????
??????¨“? ????????¨·?,????
???•‰??¨“? ???????????¨·?,????
???Ê‡???¨“? ??•È???????¨·?,????
??????¨“? ???????????????¨·?,????
???????¨“? ?•Â????????????????¨·?,????
??????????¨“? ??•È?????????????¨·?,????
??????????¨“? ???????????????¨·?,????
????????¨“? ???¨’??¨·?,????
?±h???¨“? ??????????¨·?,????
?????¨“? ??????????????¨·?,????
?????¨“? ????????¨·?,????
?????¨“? ??????????¨·?,????
?????¨“? ?????????¨·?,????
??????¨“? ??????????????¨·?,????
??????¨“? ????????????????¨·?,????
??????¨“? ?????????•‰??¨·?,????
??????¨“? ???????¨·?,????
????????????¨“? ?????????????¨·?,????
??????¨“? ??????¨·?,????
??????¨“? ????????¨·?,????
?????¨“?(ERICA) ?????????•‰??¨·?,?¨“?
?????¨“?(ERICA) ?????????¨·?,?¨“?
?????¨“?(ERICA) ???¨“?????¨·?,?¨“?
??????¨“? ????????????¨·?,????
?????¨“? ???????????????¨·?,????
????????? III ???? ????????,????
?????¨“? Culture-Technology??????¨·?,????
????????????¨·????¨“?,????
???????????¨“? ??????????¨·?,??2????
????????????¨“? ???????????¨·?,????
?????¨“? ??????¨·?,????
?????¨“? ??????¨·?,????
??????¨’??¨“? ?????????¨·?,????
???????¨“? ????????????¨·?,????
??????¨“? ???????????¨·?,????
??????¨“? ??????¨·?,????
??????¨“? ??????????¨·?,????
???????¨“? ???ñ∞????¨·?,????
??????¨“? ??????¨·?,????
?????¨“? ??????????¨·?,????
?????¨“? ???? ??????????¨·?,????
??????¨“? ?????????¨·?,????
??????¨“? ????????¨·?,????
??????????¨“? ?????¨·?,????
??????¨“? ??????????????¨·?,????
?????????¨“? ?????????¨·?,????
?????????¨“? ?????????????¨·?,????
??????¨“? ?????????????????????¨·?,????
??????????¨“? ???????????¨·?,????
?????¨“? ??????????¨·?,????
??????¨’??¨“? ???????¨·?,????
?????????¨“? ??????????¨·?,????
?????¨“???? ????????¨·?,????
??????¨“? ?????????????¨·?,????
??????¨“?(?????) ?????????¨·?,?¨“?
?????¨“???? ??????-???????????????¨·?,????
?????¨“???? ????????????¨·?,????
??????¨“? ??????¨·?,????
????????¨“? ???????????¨·?,????
????????¨“? ????????????¨·?,????
?????????????¨“? ??•È???????¨·?,????
??????¨“? ?????????¨·?,????
?????????¨“? ????????????¨·?,????
?????¨“? ??•È???????????¨·?,????
?????¨“? ?????????¨·?,????
?•Î???????¨“? ?????¨·?,????
?•Î???????¨“? ??????¨·?,????
?•Î???????¨“? ???????¨’??¨·?,????
?•Î???????¨“? ??•È????????¨·?,????
???????¨“? ???????????¨·?,????
???????¨“? ??????????????¨·?,????
??????¨“? ????????????¨·?,????
???????¨’??¨“? ??‚´?????¨·?,????
??????¨“?????¨“? ????IT????????????¨·?,????
???????¨“?,??3????
????????? I ???? ????????,????
?????????¨“? ??????????¨·?,????
??????????¨“? ?????????¨·?,????
??????¨“? ????????????¨·?,????
?????¨“? ????????¨·?,????
??????¨“? ???????????????¨·?,????
??????¨’??¨“? ?????????¨’??¨·?,????
??????¨’??¨“? ????????¨·?,????
?????¨“? ???¨·?,????
??????¨’??¨“? ??????????¨·?,????
????????¨“? ????????¨·?,????
???????¨“? ?????????¨’??¨·?,????
???????¨“? ??????¨’??¨·?,????
????????????????¨·????¨“?,????
???????¨“?(????) ???????????¨·?,?¨“?
??????¨“? ??????????¨·?,????
??????¨“? ?????????¨·?,????
???????¨“? ???????¨·?,????
???????¨“? ?????????¨·?,????
???Ê‡???????¨“? ??????????¨·?,????
???Ê‡???????¨“? ???????¨·?,????
???Ê‡???????¨“? ?????????¨·?,????
??????¨“? ??????¨·?,????
??????¨“? ???????¨·?(????),????
??????¨“? ??????¨·?(????),????
??????¨“? ?????¨·?(????),????
??????¨“?????¨“? ?????????¨·?,????
???????¨“? ???????¨·?,????
?????¨“? ????????¨·?,????
???Ê‡???¨“? ????????¨·?,????
?????¨“? ?????????¨·?,????
??????ï«????¨“? ??????????????¨·?,????
?????¨“?,??2????
?????¨“? ???¨·?,??2????
?????¨“? ?????????????¨·?,??2????
?????¨“? ????????? ???¨—????¨·?,??2????
?????¨“? ??????¨·?,??2????
????????¨“? ????????????¨·?,????
????????????¨“? ??????????¨·?,????
????????????¨“? ?????¨·?,????
?????¨“? ???¨’??¨·?,????
?•Î???????¨“? ?????????¨·?,????
??????¨“?,??2????
??????¨“? ???¨·?,??2????
?ìû???Ê‡???¨“? ??????????¨·?,????
???????¨“? ???¨’??¨·?,????
??????¨“? ????????¨·?,????
??????¨“? ???????????????¨·?,????
??????¨“? ?????????????????¨·?,????
?????¨“? ??óπ?????¨·?,????
?????¨“? ?•Â?????¨·?,????
?????¨“? ??????????¨·?,????
???ÅO????¨“?,????
????????¨“?,????
???????????¨“?,????
??????????¨“?,????
????????? V ???? ???????,????
?????????¨“? ?????????¨·?,????
???????¨“?(????) ????????????¨·?,?¨“?
?????¨“?(ERICA) ?????????¨·?,?¨“?
??????¨’??¨“? ?????¨·?,????
??????¨“? ??•È????¢•??¨·?,????
??????????¨“? KFL???¨·?,????
???????¨“? ????????¨·?,????
??????¨“? ?•Â?????¨·?,????
??????¨“? ?????????¨·?,????
???•‰??¨“? ?????????????????¨·?,????
?????????¨“? ?????????????¨·?,????
???????¨“? ??????????¨·?,????
???????¨“? ??????????¨·?,????
???????¨“? ??????????¨·?,????
??????¨“? ???????????¨·?,????
??????¨“? ?•Â?????¨·?,????
???????¨’??¨“? ???????????¨·?,????
??????¨“? ?????????¨·?,????
?????¨“?????¨“? ?????????????¨·?,????
?????¨“? ?¨ﬁ???¨·?,????
???•‰??¨“? ??????????¨·?,????
???????¨“? ??????????¨·?,????
?????¨“? ??????????????????¨·?,????
?????¨“? ???????¨·?,????
??????¨“? ???????????¨·?,????
?????¨“? ??????????¨·?,????
??????????¨“? ??????¨·?,????
??????????¨“? ?????????????¨·?,????
??????????¨“? ????????¨·?,????
??????????¨“? ??????????¨·?,????
??????????¨“? TESOL??????¨’??¨·?,????
???????¨“? ?????????¨·?,????
??????¨“? ?????¨·?,????
??????¨“? ??????????¨·?,????
??????¨“? ???????????¨·?,????
??????¨“? ??????????¨·?,????
??????¨“? ????¨ﬂ??????¨·?,????
?ìû???Ê‡???¨“? ??????????????¨·?,????
???????¨“? ???????????????¨’??¨·?,????
????©™????¨“? ?????????¨·?,????
??????¨’??¨“? ??????????¨·?,????
???????¨’??¨“? ??????????????¨’??¨·?,????
??????????¨“?,????
????????¨“? ???????????¨·?,????
????????¨“? ??????¨’??¨·?,????
??????ï«????¨“?,????
???Ê‡???????¨“? ????????????¨·?,????
???Ê‡???????¨“? ?????????????¨·?,????
?•Î???¨“? ???????¨·?,????
????????????¨“? ??•È????????¨·?,????
????????????¨“? ?????????¨·?,????
?????¨“? ??•È????¨·?,????
?????¨“? ?????????¨·?,????
???????¨“? ?????????¨·?,????
???????¨“?(???) ???¨·?,?¨“?
?????¨“? ????????????¨·?,????
??????¨“? ??????????¨·?,????
?????¨“? ???????????¨·?,??2????
???•‰??¨“? ???????????????¨·?,????
??????¨’??¨“? ?????¨·?,????
?????¨“? ??????????¨·?,????
?ìû???¨“? ?????????????????¨·?,????
?ìû???Ê‡???¨“? ??????????¨·?,????
?ìû???Ê‡???¨“? ??????????????¨·?,????
?ìû???Ê‡???¨“? ???????¨·?,????
??????¨“? ????????????¨·?,????
?????¨“? ??????¨·?,????
?????¨“? ?????????¨·?,??2????
???????¨“? ???????????¨·?(???????),????
?????????¨“? ??•È???????¨·?,????
????????¨“? ???????¨·?,????
???????¨“? ??????¨·?,????
????????¨“? ???????????¨·?,????
???????¨“? ?????????¨·?,??2????
??????¨“? ??????????¨·?,????
??????¨“? ???????????????¨·?,????
??????¨“? ????????¨·?,????
???????¨“? ?????????¨·?,????
??????¨“? ??????????????¨·?,????
?????????¨“? ????????????¨·?,????
?????¨“? ?????®®?¢•????????¨·?,????
?????¨“? ??????¨·?,????
??????¨“? ??????????¨·?,????
??????¨“? ??•È??????????¨·?,????
??????¨“? ??????????¨·?,????
?±h???¨“? ????????¨·?,????
??????¨“? ?????????¨·?,????
?•Î??????¨“? ??????????¨·?,????
??????¨“? ?????¨·?,????
??????¨“? ????????????¨·?,????
??????????¨“? ??????????????¨·?,????
??????????¨“? ?????????????¨·?,????
?????¨“? ???¨·?,????
?????¨“? ??????????¨·?,????
?????¨“? ?•Â???????¨·?,????
???????¨“? ????????????¨·?,????
??????¨“? ??????¨·?,????
????????¨“? ????????????¨·?,????
?????¨“? ???????¨·?,????
??????¨“? ????????¨·?,????
??????¨“? ?????????¨·?,????
???????¨“? ???????????¨·?,????
??????????¨“? ????????????????¨·?,????
??????¨“? ????????¨·?,????
?????¨“? ????????????¨·?,????
????????¨“? ?????????¨·?,????
???????¨“? ?????????¨·?,????
???????¨“? ??????????????¨·?,????
???????¨“? ????????????????????¨·?,????
??•‰??¨“? ???????¨·?,????
???Ê‡???????¨“? ?????????????¨·?,????
??????¨“? ????®®?¢•????????¨·?,????
???????¨“? ??•È???????¨·?,????
?????¨“? ®®?¢•????????¨·?,????
?????¨“? ????????¨·?,??2????
??????¨“? ??????????¨·?,????
??????¨“?????¨“? ??????¨’??¨·?,????
??????¨“? ?????????????????¨·?,????
???????¨’??¨“? ?????????¨·?,????
???????¨’??¨“? ??????????¨·?,????
??????¨’??¨“? ?????????¨·?,????
??????¨“? ???¨’??¨·?,????
??????¨“? ???¨·?,????
??????¨“? ?????????¨·?,????
??????????¨“? ?????¨·?,????
??????????¨“? ??????????????¨·?,????
????????? ???????? ?•Í?????,????
????????? II ???? ???????,????
?????¨“? ???????????¨·?,????
??????????¨“? ?????????¨’??¨·?,????
?????¨“? ????????¨·?,????
?????¨“? ????????¨·?,????
???©§????¨’??¨“? ??????????¨·?,????
??????¨“? K-??•È????¨·?,????
???????¨“? ??????¨·?,??3????
???????¨“? ?????¨·?,??3????
???????¨“? ???????¨·?,??3????
?•Î??????¨“? ????•·??????????¨·?,????
?????¨“? ?????????????¨·?,????
?????¨“? ???????????????????¨·?,????
???????¨“? ??????¨·?,????
???????¨“? ??????????¨·?,????
?????¨“? ?????????????¨·?,????
??????¨“? ???????¨·?,????
??????¨“? ????????¨·?,????
???????¨“?(????) ????????¨·?,?¨“?
???????¨“?(????) ??????¨’??¨·?,?¨“?
???????¨“? ??????????¨’??¨·?,????
??????¨“? ??????¨·?,????
?????¨“? ?????????¨·?,????
???????¨“? ???????????¨·?,????
????????¨“? ???????¨·?,????
????????????????¨“?,????
??????¨“? ??????¨’??¨·?,??2????
?????????¨“? ??????????????¨·?,????
??????¨“? ???????????¨·?,????
??????????¨“? ???????¨ﬁ??????¨·?,????
???????¨“? ????????¨·?,????
???????¨“? ????????????¨·?,????
?????¨“? ???????????????¨·?,????
???Ê‡???¨“? ???????????¨·?,??2????
???????¨“? ????®®?¢•????????¨·?,????
???????¨“? ??????????????¨·?,????
??????¨“? ????????¨·?,????
??????¨“? ??????????¨·?,????
?????????¨“? ????????????¨·?,????
?????????¨“? AI??????????¨·?,????
??????¨“? ?????????¨·?,????
??????ï«????¨“? ????????????¨·?,????
???????¨“? ?????????¨·?,????
????????? VII ???? ????????,????
???????¨“?(???) ??????¨’??¨·?,?¨“?
?????¨“? ????????¨·?,????
?????¨“? ????????????¨·?,????
?????¨“? ?????¨·?,????
???????¨“? ??????????¨·?,??3????
????????? VII ???? ???•Î?????,????
???????¨“? ?????????¨·?,????
????????????????¨“? ???¨·?,????
???Ê‡???¨“? ??•È?????????¨·?,????
???????¨“? ???•Ë?????¨·?,????
??????????¨“? ??????????¨·?,????
???????¨“? ?????????????¨·?,????
?????????¨“? ???????????????¨·?,????
???????¨“? ?????¨·?,????
??????¨’??¨“? ??•È??????????????¨·?,????
?•ÎÅM?Ê‡???¨“? ????????????¨·?,????
???•‰??¨“? ?????????¨’??¨·?,????
?????¨“? ???????¨·?,????
?????????¨“? ???????????¨·?,????
??????¨’??¨“? ???????????????¨·?,????
???Ê‡???????¨“? ????????????????¨·?,????
???Ê‡???????¨“? ???¨·?,????
?????¨“? ????????????¨·?,????
???????¨“? ?????????¨’??¨·?,????
??????¨“?,????
??????????¨“? ?????????¨·?,????
??????¨“? ??????????¨·?,????
??????¨’??¨“? ??????????????¨·?,????
??????¨“? ?????????¨’??¨·?,????
??????¨“? ???????????¨·?,????
?????¨“? ?????¨’??¨·?,????
?????¨“? °¿?????PR???¨·?,????
?????????¨“? ?????????????¨·?,????
??????????¨“? ?????????¨·?,????
??????¨“?(????),????
??????¨“?(???),??2????
?????¨“? ?????????¨·?,????
??????¨“?(????) ???????¨·?,????
??????¨“?(????) ???????????¨·?,????
??????¨“?(????) ??????????¨·?,????
??????¨“?(???) ?????????¨·?,??2????
??????¨“?(????) ??????¨’??¨·?,????
??????¨“?(????) ?•Â?????¨·?,????
??????¨“?(????) ?????¨·?,????
??????¨“?(???) ?????¨·?,??2????
??????¨“?(???) ???????¨·?,??2????
???????¨“? ?????????¨’??¨·?,????
??????????¨“? ???????•Ë???????????????¨·?,????
??????????¨“? ?????????¨·?,????
??????¨“? ??????¨·?,????
??????¨“? ??????????¨·?,????
????????¨“? ?????¨·?,????
????????¨“? ???????¨·?,????
??????????¨“? ???????¨·?,????
???????¨“? ???????????¨’??¨·?,????
???????????¨“? ??????¨·?,????
??????¨“? ????????????¨·?,????
??????¨’??¨“? AI?????????????????¨·?,????
?•Î???¨“? ?????????????????¨·?,????
??????¨“? ????????????¨·?,????
??????????¨“? ??•È?????®®?¢•????????¨·?,????
?????¨“? ??????¨·?,??2????
??????¨“? ??????????¨·?,????
???????¨“? DNA?°¿????????????????¨·?,????
???•‰??¨“? ??????????????¨·?,????
???????¨“? ??????????????¨·?,????
??????¨“? ????????????¨’??¨·?,????
